{
  "tvl": 3897770.690659,
  "SharePrice": 1.0159170238179422,
  "update_time_utc": "2026-04-02T16:37:14Z"
}