{
  "tvl": 3364935.521671,
  "SharePrice": 1.0076628140508896,
  "update_time_utc": "2026-03-01T02:53:11Z"
}