{
  "tvl": 3342389.304263,
  "SharePrice": 1.000911128993856,
  "update_time_utc": "2026-02-20T13:53:21Z"
}