{
  "tvl": 3350302.934782,
  "SharePrice": 1.003280942961101,
  "update_time_utc": "2026-02-15T13:53:16Z"
}