{
  "tvl": 3344570.068711,
  "SharePrice": 1.0015641802117177,
  "update_time_utc": "2026-02-19T02:53:19Z"
}