{
  "tvl": 3881161.838395,
  "SharePrice": 1.011588083739063,
  "update_time_utc": "2026-03-21T20:53:16Z"
}