{
  "tvl": 3348238.21263,
  "SharePrice": 1.0026626417423945,
  "update_time_utc": "2026-02-22T02:53:23Z"
}