{
  "tvl": 3874815.640408,
  "SharePrice": 1.0099340073238026,
  "update_time_utc": "2026-03-14T23:53:22Z"
}