{
  "tvl": 3353455.545951,
  "SharePrice": 1.0042250231735457,
  "update_time_utc": "2026-02-23T02:53:10Z"
}