{
  "tvl": 3872327.00147,
  "SharePrice": 1.0092853671487125,
  "update_time_utc": "2026-03-08T02:53:11Z"
}