{
  "tvl": 3369568.644544,
  "SharePrice": 1.0090502479562302,
  "update_time_utc": "2026-02-28T02:53:29Z"
}