{
  "tvl": 3892695.012944,
  "SharePrice": 1.0145940964814422,
  "update_time_utc": "2026-03-28T20:53:15Z"
}