{
  "tvl": 3875756.838118,
  "SharePrice": 1.010179321595024,
  "update_time_utc": "2026-03-23T20:53:23Z"
}