{
  "tvl": 3864489.367816,
  "SharePrice": 1.0072425621487595,
  "update_time_utc": "2026-03-05T02:53:12Z"
}