{
  "tvl": 3870316.032559,
  "SharePrice": 1.0087612271432602,
  "update_time_utc": "2026-03-09T13:11:14Z"
}