{
  "tvl": 3869202.530694,
  "SharePrice": 1.0084710034255289,
  "update_time_utc": "2026-03-04T02:53:13Z"
}