{
  "tvl": 3867941.162709,
  "SharePrice": 1.0081422398037154,
  "update_time_utc": "2026-03-13T12:53:17Z"
}