{
  "tvl": 3341808.983723,
  "SharePrice": 1.0007373463389961,
  "update_time_utc": "2026-02-19T00:16:19Z"
}