{
  "tvl": 3897770.690659,
  "SharePrice": 1.0159170238179422,
  "update_time_utc": "2026-04-01T21:11:15Z"
}