{
  "tvl": 3888644.45066,
  "SharePrice": 1.0135383557755528,
  "update_time_utc": "2026-03-17T20:53:12Z"
}