{
  "tvl": 3880558.885936,
  "SharePrice": 1.0114309298897821,
  "update_time_utc": "2026-03-20T20:53:15Z"
}