{
  "tvl": 3339333.502613,
  "SharePrice": 0.9999960393376086,
  "update_time_utc": "2026-02-23T21:53:13Z"
}