{
  "tvl": 3354053.655334,
  "SharePrice": 1.0044041328712212,
  "update_time_utc": "2026-02-19T13:53:20Z"
}