{
  "tvl": 3344511.752981,
  "SharePrice": 1.0015467169966823,
  "update_time_utc": "2026-02-26T13:42:24Z"
}