{
  "tvl": 3902161.946728,
  "SharePrice": 1.017061563132975,
  "update_time_utc": "2026-03-26T20:53:26Z"
}