{
  "tvl": 3345817.941989,
  "SharePrice": 1.0019378680553004,
  "update_time_utc": "2026-02-24T02:53:13Z"
}