{
  "tvl": 3368284.136923,
  "SharePrice": 1.008665589600755,
  "update_time_utc": "2026-03-03T02:53:43Z"
}