{
  "tvl": 3876882.70979,
  "SharePrice": 1.0104727693858242,
  "update_time_utc": "2026-03-15T20:53:12Z"
}