{
  "tvl": 3873909.114515,
  "SharePrice": 1.0096977299333862,
  "update_time_utc": "2026-03-08T13:02:12Z"
}