{
  "tvl": 3358258.176414,
  "SharePrice": 1.0056632177826328,
  "update_time_utc": "2026-02-27T02:53:08Z"
}