{
  "tvl": 3338176.847801,
  "SharePrice": 0.9996496677547835,
  "update_time_utc": "2026-02-21T02:53:22Z"
}