{
  "tvl": 3876000.496986,
  "SharePrice": 1.0102428289718428,
  "update_time_utc": "2026-03-09T01:53:14Z"
}