{
  "tvl": 3894715.046252,
  "SharePrice": 1.0151205990361447,
  "update_time_utc": "2026-03-30T20:53:11Z"
}