{
  "tvl": 3881070.635457,
  "SharePrice": 1.0115643125568439,
  "update_time_utc": "2026-03-12T12:53:18Z"
}