{
  "tvl": 3869028.023333,
  "SharePrice": 1.0084255197342369,
  "update_time_utc": "2026-03-24T20:53:25Z"
}