{
  "tvl": 3875571.833625,
  "SharePrice": 1.01013110192567,
  "update_time_utc": "2026-03-11T01:53:16Z"
}