{
  "tvl": 3350953.040168,
  "SharePrice": 1.003475623369824,
  "update_time_utc": "2026-02-24T22:23:13Z"
}