{
  "tvl": 3360664.267859,
  "SharePrice": 1.0063837453709679,
  "update_time_utc": "2026-03-02T02:53:10Z"
}