{
  "tvl": 3937823.557726,
  "SharePrice": 1.0000538618775836,
  "update_time_utc": "2026-02-13T22:23:13Z"
}