{
  "tvl": 3884614.453094,
  "SharePrice": 1.0124879750686901,
  "update_time_utc": "2026-03-22T20:53:23Z"
}