{
  "tvl": 3877617.67078,
  "SharePrice": 1.0106643300087648,
  "update_time_utc": "2026-03-25T20:53:27Z"
}