{
  "tvl": 3864140.512939,
  "SharePrice": 1.0071516364282613,
  "update_time_utc": "2026-03-16T20:53:14Z"
}