{
  "tvl": 3884707.025262,
  "SharePrice": 1.012512103127744,
  "update_time_utc": "2026-03-19T20:53:15Z"
}