{
  "tvl": 3336563.101608,
  "SharePrice": 0.999166415692588,
  "update_time_utc": "2026-02-19T07:37:19Z"
}