{
  "tvl": 3885773.295778,
  "SharePrice": 1.0127900164415762,
  "update_time_utc": "2026-03-29T20:53:16Z"
}