{
  "tvl": 3945912.751736,
  "SharePrice": 1.0021082021979633,
  "update_time_utc": "2026-02-14T13:53:17Z"
}