{
  "tvl": 3865792.886251,
  "SharePrice": 1.0075823118862572,
  "update_time_utc": "2026-03-06T13:53:15Z"
}