{
  "tvl": 3877604.398297,
  "SharePrice": 1.0106608706617437,
  "update_time_utc": "2026-03-10T13:06:17Z"
}