{
  "tvl": 3873855.233692,
  "SharePrice": 1.0096836864070509,
  "update_time_utc": "2026-03-07T08:02:14Z"
}