{
  "tvl": 3871364.365253,
  "SharePrice": 1.0090344651336356,
  "update_time_utc": "2026-03-12T01:23:17Z"
}