{
  "tvl": 3874444.487976,
  "SharePrice": 1.0098372699567215,
  "update_time_utc": "2026-03-07T02:53:13Z"
}