{
  "tvl": 3887421.888716,
  "SharePrice": 1.0132197065808843,
  "update_time_utc": "2026-03-27T20:53:13Z"
}